Transaction ID,User ID,Amount,Timestamp,Payment Method,Status,Error Code,Merchant Category
T00001,U535,3651.17,2025-05-18T14:30:54.466958,PayPal,Failure,ERR504,Travel
T00002,U377,310.09,2025-04-24T13:41:54.466958,Debit Card,Success,,Subscription
T00003,U222,744.17,2025-04-20T15:24:54.466958,Debit Card,Failure,ERR504,Digital Goods
T00004,U321,739.91,2025-05-02T00:29:54.466958,Crypto,Success,,Food Delivery
T00005,U711,286.58,2025-04-30T15:34:54.466958,Debit Card,Success,,Subscription
T00006,U332,364.08,2025-04-29T15:53:54.466958,Crypto,Success,,Digital Goods
T00007,U380,50.29,2025-04-25T20:29:54.466958,PayPal,Success,,Digital Goods
T00008,U753,869.12,2025-04-24T04:02:54.466958,Credit Card,Success,,Food Delivery
T00009,U391,472.05,2025-05-14T07:46:54.466958,Debit Card,Success,,Retail
T00010,U358,941.36,2025-04-23T11:02:54.466958,Credit Card,Success,,Travel
T00011,U603,78.71,2025-05-16T09:03:54.466958,Credit Card,Success,,Digital Goods
T00012,U252,812.09,2025-05-08T16:56:54.466958,Debit Card,Failure,,Retail
T00013,U671,765.62,2025-04-20T22:47:54.466958,Crypto,Success,,Digital Goods
T00014,U894,524.96,2025-04-20T20:37:54.466958,Bank Transfer,Success,,Subscription
T00015,U980,590.58,2025-04-23T18:25:54.466958,Crypto,Success,,Food Delivery
T00016,U161,611.58,2025-04-29T10:53:54.466958,Debit Card,Success,,Digital Goods
T00017,U370,662.13,2025-04-30T02:12:54.466958,Debit Card,Success,,Food Delivery
T00018,U176,160.75,2025-05-12T12:03:54.466958,Crypto,Success,,Travel
T00019,U398,37.48,2025-05-16T21:38:54.466958,PayPal,Success,,Travel
T00020,U172,688.95,2025-04-20T17:04:54.466958,Crypto,Failure,ERR504,Digital Goods
T00021,U535,119.2,2025-05-15T01:06:54.466958,Debit Card,Success,,Subscription
T00022,U946,146.53,2025-04-28T13:16:54.466958,PayPal,Success,,Food Delivery
T00023,U866,825.12,2025-05-19T01:55:54.466958,Credit Card,Failure,ERR303,Travel
T00024,U805,307.57,2025-05-14T07:18:54.466958,PayPal,Success,,Food Delivery
T00025,U652,496.33,2025-05-08T14:18:54.466958,Credit Card,Success,,Travel
T00026,U852,325.71,2025-04-29T12:51:54.466958,Credit Card,Success,,Digital Goods
T00027,U790,836.78,2025-05-09T22:44:54.466958,Credit Card,Success,,Subscription
T00028,U690,45.03,2025-05-16T07:43:54.466958,Bank Transfer,Success,,Food Delivery
T00029,U767,445.02,2025-05-02T03:56:54.466958,Crypto,Success,,Travel
T00030,U750,815.17,2025-04-19T19:10:54.466958,PayPal,Failure,ERR303,Travel
T00031,U441,324.45,2025-04-26T18:28:54.466958,Debit Card,Success,,Subscription
T00032,U521,695.21,2025-05-08T17:41:54.466958,Bank Transfer,Success,,Food Delivery
T00033,U137,457.55,2025-05-04T23:43:54.466958,PayPal,Success,,Retail
T00034,U891,407.15,2025-05-02T03:35:54.466958,Credit Card,Success,,Food Delivery
T00035,U573,416.18,2025-04-26T13:54:54.466958,PayPal,Success,,Food Delivery
T00036,U874,501.0,2025-04-29T07:15:54.466958,Credit Card,Success,,Digital Goods
T00037,U373,551.47,2025-05-04T19:44:54.466958,Bank Transfer,Failure,ERR303,Retail
T00038,U129,973.28,2025-04-24T03:43:54.466958,Debit Card,Success,,Digital Goods
T00039,U418,553.08,2025-04-23T17:23:54.466958,Credit Card,Success,,Digital Goods
T00040,U961,913.37,2025-05-06T19:03:54.466958,Credit Card,Success,,Digital Goods
T00041,U610,932.99,2025-04-23T21:43:54.466958,PayPal,Success,,Travel
T00042,U954,485.09,2025-05-05T20:11:54.466958,Bank Transfer,Success,,Food Delivery
T00043,U248,386.67,2025-05-05T03:46:54.466958,Debit Card,Failure,ERR404,Retail
T00044,U382,773.81,2025-05-16T23:30:54.466958,Crypto,Failure,ERR202,Subscription
T00045,U940,7.55,2025-05-01T13:00:54.466958,Crypto,Success,,Food Delivery
T00046,U775,492.19,2025-04-21T11:32:54.466958,Crypto,Success,,Travel
T00047,U453,335.78,2025-05-10T09:53:54.466958,Bank Transfer,Success,,Travel
T00048,U429,870.25,2025-05-13T21:47:54.466958,Crypto,Failure,ERR101,Travel
T00049,U339,856.73,2025-04-25T04:25:54.466958,PayPal,Success,,Travel
T00050,U822,913.86,2025-05-06T17:32:54.466958,Debit Card,Success,,Travel
T00051,U137,130.62,2025-04-23T02:09:54.466958,Credit Card,Failure,ERR202,Travel
T00052,U202,528.32,2025-05-14T15:03:54.466958,Debit Card,Success,,Travel
T00053,U991,656.51,2025-05-02T20:18:54.466958,Bank Transfer,Success,,Subscription
T00054,U446,625.14,2025-05-18T02:43:54.466958,Credit Card,Success,,Subscription
T00055,U972,675.99,2025-05-17T15:40:54.466958,PayPal,Success,,Travel
T00056,U993,543.31,2025-05-05T23:05:54.466958,Debit Card,Success,,Subscription
T00057,U332,748.03,2025-05-15T18:42:54.466958,Credit Card,Success,,Retail
T00058,U554,170.53,2025-04-28T06:06:54.466958,Credit Card,Success,,Retail
T00059,U432,797.16,2025-04-22T16:03:54.466958,PayPal,Success,,Travel
T00060,U249,247.98,2025-04-21T14:08:54.466958,Debit Card,Success,,Digital Goods
T00061,U279,83.57,2025-04-29T21:00:54.466958,Debit Card,Failure,ERR404,Travel
T00062,U697,147.4,2025-05-02T16:10:54.466958,PayPal,Success,,Travel
T00063,U361,668.51,2025-04-23T03:14:54.466958,PayPal,Failure,ERR303,Food Delivery
T00064,U261,78.49,2025-04-30T02:21:54.466958,PayPal,Failure,ERR404,Travel
T00065,U806,253.85,2025-04-24T02:24:54.466958,Debit Card,Success,,Travel
T00066,U973,485.79,2025-05-06T19:16:54.466958,Crypto,Success,,Subscription
T00067,U688,299.39,2025-05-02T03:42:54.466958,Credit Card,Success,,Travel
T00068,U381,13.06,2025-05-10T03:19:54.466958,Credit Card,Failure,ERR504,Food Delivery
T00069,U863,499.24,2025-05-18T10:25:54.466958,Debit Card,Failure,ERR202,Food Delivery
T00070,U921,355.56,2025-05-06T02:34:54.466958,Crypto,Success,,Subscription
T00071,U794,756.8,2025-04-26T21:44:54.466958,Debit Card,Success,,Retail
T00072,U742,648.11,2025-05-06T08:25:54.466958,Bank Transfer,Success,,Retail
T00073,U693,368.04,2025-05-05T16:08:54.466958,PayPal,Success,,Subscription
T00074,U865,418.43,2025-04-29T00:55:54.466958,Crypto,Success,,Subscription
T00075,U643,504.29,2025-05-01T15:41:54.466958,Debit Card,Success,,Subscription
T00076,U944,944.47,2025-05-18T23:54:54.466958,PayPal,Failure,ERR202,Retail
T00077,U579,963.08,2025-04-22T18:04:54.466958,Debit Card,Success,,Travel
T00078,U966,3097.33,2025-05-17T05:25:54.466958,Credit Card,Success,,Subscription
T00079,U649,127.97,2025-05-18T09:38:54.466958,PayPal,Success,,Food Delivery
T00080,U490,823.31,2025-04-27T07:00:54.466958,Debit Card,Failure,,Travel
T00081,U125,621.45,2025-05-13T19:30:54.466958,Crypto,Failure,ERR202,Digital Goods
T00082,U763,67.9,2025-04-30T15:28:54.466958,PayPal,Success,,Travel
T00083,U219,144.08,2025-04-26T22:33:54.466958,Bank Transfer,Failure,ERR202,Retail
T00084,U199,238.63,2025-05-10T12:59:54.466958,Bank Transfer,Success,,Travel
T00085,U479,672.13,2025-05-06T18:32:54.466958,Crypto,Success,,Travel
T00086,U701,743.56,2025-05-01T18:56:54.466958,Bank Transfer,Success,,Retail
T00087,U953,491.9,2025-05-18T15:08:54.466958,PayPal,Success,,Retail
T00088,U806,373.68,2025-05-14T20:25:54.466958,Debit Card,Success,,Subscription
T00089,U201,981.02,2025-04-29T11:57:54.466958,PayPal,Success,,Retail
T00090,U507,279.5,2025-05-04T06:17:54.466958,Credit Card,Failure,ERR504,Travel
T00091,U193,664.45,2025-04-22T01:10:54.466958,Crypto,Success,,Retail
T00092,U151,787.86,2025-04-29T22:15:54.466958,Debit Card,Success,,Food Delivery
T00093,U310,73.27,2025-04-20T23:08:54.466958,Debit Card,Success,,Food Delivery
T00094,U321,813.99,2025-05-03T20:38:54.466958,Debit Card,Success,,Food Delivery
T00095,U102,280.89,2025-05-07T18:15:54.466958,Crypto,Failure,ERR101,Subscription
T00096,U999,178.62,2025-05-01T16:31:54.466958,Credit Card,Success,,Digital Goods
T00097,U115,361.45,2025-04-22T12:22:54.466958,Crypto,Success,,Subscription
T00098,U116,178.37,2025-04-29T02:31:54.466958,Bank Transfer,Success,,Food Delivery
T00099,U216,746.94,2025-05-15T07:35:54.466958,PayPal,Success,,Food Delivery
T00100,U707,113.51,2025-05-03T19:47:54.466958,Crypto,Success,,Retail
T00101,U844,784.31,2025-04-29T04:19:54.466958,PayPal,Failure,ERR404,Travel
T00102,U758,964.21,2025-05-19T07:59:54.466958,Bank Transfer,Success,,Travel
T00103,U536,687.67,2025-05-12T05:22:54.466958,Bank Transfer,Success,,Retail
T00104,U182,325.5,2025-05-07T12:13:54.466958,Debit Card,Success,,Subscription
T00105,U739,634.91,2025-05-18T18:14:54.466958,PayPal,Success,,Travel
T00106,U711,532.9,2025-05-10T09:16:54.466958,Crypto,Success,,Travel
T00107,U201,794.13,2025-04-26T00:08:54.466958,Crypto,Success,,Digital Goods
T00108,U540,454.3,2025-05-01T13:24:54.466958,PayPal,Success,,Travel
T00109,U508,418.91,2025-04-25T20:35:54.466958,Bank Transfer,Success,,Subscription
T00110,U781,258.62,2025-04-30T17:27:54.466958,Bank Transfer,Failure,ERR504,Retail
T00111,U193,832.61,2025-05-15T01:14:54.466958,Credit Card,Success,,Subscription
T00112,U931,134.46,2025-05-14T00:47:54.466958,Crypto,Success,,Food Delivery
T00113,U437,671.66,2025-05-01T11:04:54.466958,Bank Transfer,Success,,Retail
T00114,U394,602.41,2025-05-16T02:36:54.466958,Crypto,Success,,Food Delivery
T00115,U317,158.96,2025-05-09T00:02:54.466958,Credit Card,Success,,Subscription
T00116,U965,558.48,2025-05-16T01:27:54.466958,PayPal,Success,,Food Delivery
T00117,U331,808.19,2025-05-07T16:20:54.466958,Crypto,Success,,Food Delivery
T00118,U791,644.49,2025-05-05T23:28:54.466958,PayPal,Success,,Retail
T00119,U284,276.9,2025-04-29T11:38:54.466958,PayPal,Success,,Subscription
T00120,U106,185.5,2025-04-25T19:10:54.466958,Bank Transfer,Success,,Retail
T00121,U245,742.26,2025-05-12T16:37:54.466958,Crypto,Failure,,Digital Goods
T00122,U485,422.73,2025-05-11T23:08:54.466958,PayPal,Success,,Subscription
T00123,U838,327.76,2025-04-23T15:22:54.466958,Credit Card,Failure,ERR404,Retail
T00124,U259,161.62,2025-04-21T15:32:54.466958,Credit Card,Success,,Subscription
T00125,U553,663.63,2025-04-24T11:50:54.466958,Bank Transfer,Success,,Travel
T00126,U379,219.49,2025-04-26T11:01:54.466958,PayPal,Success,,Travel
T00127,U213,286.83,2025-05-18T01:25:54.466958,Bank Transfer,Success,,Food Delivery
T00128,U783,311.88,2025-04-26T18:49:54.466958,Crypto,Success,,Retail
T00129,U107,208.4,2025-05-08T17:11:54.466958,PayPal,Failure,ERR101,Subscription
T00130,U435,124.38,2025-05-16T15:31:54.466958,Bank Transfer,Success,,Digital Goods
T00131,U232,383.31,2025-04-22T09:28:54.466958,Crypto,Success,,Food Delivery
T00132,U953,669.71,2025-05-07T00:21:54.466958,Bank Transfer,Success,,Retail
T00133,U546,23.65,2025-05-06T20:54:54.466958,Crypto,Failure,ERR202,Travel
T00134,U687,407.4,2025-05-16T14:57:54.466958,PayPal,Success,,Retail
T00135,U514,25.75,2025-05-10T19:19:54.466958,Crypto,Success,,Travel
T00136,U951,691.16,2025-05-13T14:01:54.466958,Bank Transfer,Success,,Retail
T00137,U349,438.5,2025-04-30T22:41:54.466958,Credit Card,Success,,Travel
T00138,U991,313.72,2025-05-14T16:21:54.466958,PayPal,Success,,Digital Goods
T00139,U178,512.93,2025-04-20T00:37:54.466958,Crypto,Success,,Digital Goods
T00140,U894,352.63,2025-04-24T17:12:54.466958,Debit Card,Success,,Digital Goods
T00141,U205,150.71,2025-05-13T22:35:54.466958,Crypto,Success,,Digital Goods
T00142,U878,760.36,2025-05-01T15:31:54.466958,Bank Transfer,Success,,Travel
T00143,U872,565.92,2025-05-18T16:11:54.466958,Crypto,Success,,Food Delivery
T00144,U430,864.93,2025-05-04T23:38:54.466958,Debit Card,Success,,Travel
T00145,U169,471.58,2025-04-24T13:55:54.466958,PayPal,Success,,Food Delivery
T00146,U157,355.18,2025-05-02T20:39:54.466958,Bank Transfer,Success,,Travel
T00147,U138,61.61,2025-05-09T06:57:54.466958,Credit Card,Success,,Retail
T00148,U729,596.11,2025-04-26T16:50:54.466958,Crypto,Success,,Food Delivery
T00149,U910,740.23,2025-05-10T03:40:54.466958,Crypto,Success,,Digital Goods
T00150,U429,606.98,2025-04-19T15:37:54.466958,Credit Card,Success,,Travel
T00151,U205,811.91,2025-05-01T11:46:54.466958,Credit Card,Success,,Food Delivery
T00152,U761,176.7,2025-05-12T06:51:54.466958,Bank Transfer,Success,,Travel
T00153,U636,525.13,2025-04-27T15:13:54.466958,PayPal,Success,,Subscription
T00154,U496,411.73,2025-05-12T14:36:54.466958,Crypto,Success,,Retail
T00155,U908,3003.95,2025-04-24T08:18:54.466958,Crypto,Success,,Travel
T00156,U390,255.74,2025-05-17T23:04:54.466958,Debit Card,Failure,ERR404,Subscription
T00157,U183,584.83,2025-05-03T02:03:54.466958,PayPal,Success,,Subscription
T00158,U771,699.99,2025-05-18T13:59:54.466958,Crypto,Success,,Retail
T00159,U417,561.13,2025-05-12T14:35:54.466958,PayPal,Success,,Digital Goods
T00160,U786,704.32,2025-05-17T05:14:54.466958,Crypto,Failure,ERR504,Retail
T00161,U761,672.1,2025-04-28T13:20:54.466958,Credit Card,Success,,Subscription
T00162,U416,184.36,2025-04-26T11:01:54.466958,Bank Transfer,Success,,Digital Goods
T00163,U331,999.98,2025-05-06T12:29:54.466958,PayPal,Success,,Retail
T00164,U619,772.02,2025-04-26T20:32:54.466958,Crypto,Success,,Retail
T00165,U777,340.08,2025-05-14T01:13:54.466958,Debit Card,Success,,Food Delivery
T00166,U485,158.48,2025-05-13T15:22:54.466958,Crypto,Success,,Digital Goods
T00167,U838,440.49,2025-04-19T12:42:54.466958,Debit Card,Success,,Travel
T00168,U725,288.5,2025-05-16T18:17:54.466958,Bank Transfer,Success,,Digital Goods
T00169,U646,242.97,2025-05-04T06:08:54.466958,Debit Card,Failure,ERR303,Subscription
T00170,U794,947.39,2025-05-11T17:46:54.466958,PayPal,Failure,ERR303,Travel
T00171,U614,529.82,2025-04-20T09:21:54.466958,Crypto,Failure,ERR101,Digital Goods
T00172,U993,253.75,2025-04-24T14:16:54.466958,PayPal,Success,,Food Delivery
T00173,U205,712.84,2025-05-06T00:33:54.466958,Credit Card,Success,,Subscription
T00174,U185,764.3,2025-05-03T11:58:54.466958,Crypto,Success,,Digital Goods
T00175,U950,440.29,2025-04-30T09:37:54.466958,Bank Transfer,Failure,ERR101,Subscription
T00176,U127,417.82,2025-04-22T03:21:54.466958,PayPal,Success,,Digital Goods
T00177,U495,994.55,2025-04-30T11:10:54.466958,Credit Card,Success,,Subscription
T00178,U201,839.98,2025-05-15T07:47:54.466958,Debit Card,Success,,Digital Goods
T00179,U139,290.45,2025-04-23T02:06:54.466958,Bank Transfer,Failure,ERR504,Digital Goods
T00180,U877,707.01,2025-04-23T09:38:54.466958,Credit Card,Success,,Retail
T00181,U119,259.64,2025-05-11T14:54:54.466958,Crypto,Success,,Food Delivery
T00182,U640,426.14,2025-04-22T15:40:54.466958,Debit Card,Success,,Subscription
T00183,U224,52.51,2025-05-13T17:56:54.466958,Crypto,Success,,Travel
T00184,U164,115.3,2025-04-25T05:26:54.466958,Crypto,Failure,ERR404,Retail
T00185,U747,517.8,2025-04-25T08:19:54.466958,Debit Card,Success,,Subscription
T00186,U539,6.56,2025-05-11T03:13:54.466958,Crypto,Success,,Travel
T00187,U291,666.05,2025-05-14T12:36:54.466958,PayPal,Success,,Retail
T00188,U638,546.36,2025-04-27T00:26:54.466958,Crypto,Success,,Food Delivery
T00189,U120,393.5,2025-05-01T13:35:54.466958,Bank Transfer,Success,,Subscription
T00190,U359,748.58,2025-05-13T12:26:54.466958,Credit Card,Success,,Subscription
T00191,U999,734.28,2025-05-17T02:38:54.466958,Credit Card,Success,,Food Delivery
T00192,U852,757.9,2025-05-08T18:15:54.466958,PayPal,Success,,Food Delivery
T00193,U446,814.44,2025-04-29T03:25:54.466958,Bank Transfer,Success,,Travel
T00194,U746,186.37,2025-05-14T01:08:54.466958,Bank Transfer,Success,,Retail
T00195,U400,205.58,2025-04-28T15:47:54.466958,Credit Card,Success,,Subscription
T00196,U417,517.81,2025-05-03T16:33:54.466958,Bank Transfer,Failure,ERR404,Subscription
T00197,U137,754.52,2025-05-07T15:53:54.466958,PayPal,Success,,Retail
T00198,U986,657.45,2025-05-19T01:55:54.466958,PayPal,Success,,Travel
T00199,U509,744.59,2025-05-06T11:57:54.466958,PayPal,Failure,ERR303,Digital Goods
T00200,U608,693.61,2025-05-09T10:36:54.466958,Crypto,Success,,Subscription
T00201,U920,87.2,2025-05-13T01:24:54.466958,Bank Transfer,Success,,Food Delivery
T00202,U942,184.55,2025-05-10T01:13:54.466958,Credit Card,Success,,Retail
T00203,U435,662.61,2025-04-25T00:15:54.466958,Crypto,Success,,Travel
T00204,U270,691.32,2025-04-30T18:51:54.466958,Credit Card,Success,,Subscription
T00205,U729,998.16,2025-04-29T17:30:54.466958,Credit Card,Success,,Retail
T00206,U787,639.32,2025-04-22T10:01:54.466958,Debit Card,Success,,Retail
T00207,U246,849.43,2025-05-04T21:21:54.466958,Bank Transfer,Success,,Retail
T00208,U229,71.9,2025-04-20T11:03:54.466958,PayPal,Success,,Subscription
T00209,U492,949.72,2025-05-16T06:40:54.466958,Debit Card,Success,,Travel
T00210,U479,375.15,2025-05-14T17:06:54.466958,Crypto,Success,,Digital Goods
T00211,U642,370.12,2025-04-29T23:25:54.466958,PayPal,Success,,Digital Goods
T00212,U216,30.78,2025-05-16T06:49:54.466958,Crypto,Success,,Travel
T00213,U675,122.17,2025-04-29T12:37:54.466958,Bank Transfer,Success,,Digital Goods
T00214,U726,289.15,2025-04-19T19:56:54.466958,Debit Card,Failure,ERR303,Retail
T00215,U238,853.56,2025-04-22T17:37:54.466958,Bank Transfer,Success,,Retail
T00216,U929,683.52,2025-05-18T05:24:54.466958,PayPal,Success,,Subscription
T00217,U826,69.61,2025-04-22T04:23:54.466958,PayPal,Success,,Digital Goods
T00218,U828,711.02,2025-04-29T22:08:54.466958,Debit Card,Success,,Subscription
T00219,U620,228.12,2025-04-22T13:42:54.466958,Debit Card,Failure,ERR101,Travel
T00220,U126,364.09,2025-04-20T22:23:54.466958,Bank Transfer,Success,,Food Delivery
T00221,U232,613.89,2025-05-04T12:59:54.466958,PayPal,Success,,Travel
T00222,U834,720.28,2025-04-22T17:28:54.466958,Bank Transfer,Success,,Food Delivery
T00223,U175,129.7,2025-05-12T21:40:54.466958,Credit Card,Success,,Travel
T00224,U577,681.71,2025-04-30T08:02:54.466958,Crypto,Success,,Food Delivery
T00225,U286,768.94,2025-05-02T04:15:54.466958,Crypto,Success,,Retail
T00226,U951,128.54,2025-05-11T14:17:54.466958,Debit Card,Success,,Digital Goods
T00227,U430,935.06,2025-04-29T06:05:54.466958,Crypto,Success,,Subscription
T00228,U966,83.47,2025-05-14T01:04:54.466958,Crypto,Success,,Subscription
T00229,U228,626.9,2025-04-25T12:36:54.466958,Credit Card,Success,,Food Delivery
T00230,U756,172.79,2025-05-15T11:48:54.466958,Debit Card,Failure,ERR101,Food Delivery
T00231,U837,902.49,2025-05-15T17:27:54.466958,Crypto,Success,,Retail
T00232,U945,2243.67,2025-05-11T00:21:54.466958,PayPal,Failure,ERR404,Digital Goods
T00233,U885,574.28,2025-04-30T13:30:54.466958,Credit Card,Success,,Travel
T00234,U742,547.85,2025-05-11T00:41:54.466958,PayPal,Success,,Travel
T00235,U350,805.66,2025-05-08T00:42:54.466958,PayPal,Success,,Travel
T00236,U174,690.17,2025-04-28T04:03:54.466958,Bank Transfer,Success,,Travel
T00237,U575,208.0,2025-04-23T19:06:54.466958,PayPal,Success,,Subscription
T00238,U851,988.08,2025-04-23T21:57:54.466958,Bank Transfer,Success,,Digital Goods
T00239,U878,373.69,2025-05-19T11:52:54.466958,PayPal,Success,,Digital Goods
T00240,U577,126.91,2025-05-09T02:54:54.466958,Debit Card,Success,,Retail
T00241,U151,293.76,2025-05-05T15:04:54.466958,Crypto,Success,,Travel
T00242,U354,962.87,2025-05-08T18:44:54.466958,Crypto,Failure,ERR202,Subscription
T00243,U294,764.31,2025-05-08T05:06:54.466958,Crypto,Success,,Travel
T00244,U610,879.68,2025-05-10T18:11:54.466958,Credit Card,Success,,Travel
T00245,U617,459.94,2025-04-21T23:15:54.466958,Crypto,Success,,Subscription
T00246,U149,55.29,2025-05-19T05:49:54.466958,Bank Transfer,Success,,Subscription
T00247,U649,13.14,2025-05-18T21:53:54.466958,Debit Card,Success,,Subscription
T00248,U844,368.95,2025-04-23T23:34:54.466958,Credit Card,Success,,Travel
T00249,U152,572.43,2025-04-22T06:17:54.466958,Crypto,Success,,Subscription
T00250,U175,389.42,2025-05-07T19:51:54.466958,Crypto,Success,,Subscription
T00251,U945,989.15,2025-05-04T22:41:54.466958,Credit Card,Success,,Digital Goods
T00252,U199,396.93,2025-04-24T11:26:54.466958,PayPal,Success,,Food Delivery
T00253,U474,756.19,2025-04-30T19:40:54.466958,Crypto,Success,,Travel
T00254,U612,45.05,2025-04-28T05:21:54.466958,PayPal,Success,,Travel
T00255,U631,459.7,2025-04-28T03:50:54.466958,Crypto,Success,,Digital Goods
T00256,U435,931.71,2025-05-13T21:51:54.466958,Bank Transfer,Success,,Food Delivery
T00257,U857,843.39,2025-05-09T22:05:54.466958,Crypto,Success,,Food Delivery
T00258,U645,492.4,2025-04-25T21:11:54.466958,Bank Transfer,Success,,Retail
T00259,U477,334.58,2025-05-08T16:53:54.466958,Bank Transfer,Success,,Food Delivery
T00260,U415,797.77,2025-04-27T20:30:54.466958,Credit Card,Success,,Food Delivery
T00261,U585,269.2,2025-05-02T04:19:54.466958,Crypto,Success,,Food Delivery
T00262,U333,722.79,2025-05-10T13:23:54.466958,Debit Card,Success,,Food Delivery
T00263,U744,722.58,2025-04-30T20:56:54.466958,Bank Transfer,Success,,Digital Goods
T00264,U941,682.32,2025-04-22T22:25:54.466958,Credit Card,Success,,Digital Goods
T00265,U119,443.83,2025-05-09T16:06:54.466958,Bank Transfer,Success,,Digital Goods
T00266,U520,504.31,2025-05-14T13:11:54.466958,Bank Transfer,Success,,Retail
T00267,U822,142.39,2025-04-23T23:01:54.466958,PayPal,Success,,Travel
T00268,U638,379.94,2025-04-21T19:20:54.466958,Debit Card,Failure,ERR504,Travel
T00269,U645,345.62,2025-05-19T04:23:54.466958,PayPal,Success,,Food Delivery
T00270,U595,196.3,2025-05-14T02:32:54.466958,Crypto,Success,,Subscription
T00271,U330,941.78,2025-04-20T04:12:54.466958,Debit Card,Failure,ERR202,Travel
T00272,U424,482.4,2025-04-23T17:57:54.466958,PayPal,Success,,Subscription
T00273,U224,575.61,2025-04-30T06:16:54.466958,Bank Transfer,Success,,Subscription
T00274,U891,805.59,2025-04-27T01:44:54.466958,PayPal,Success,,Retail
T00275,U454,924.39,2025-05-07T23:59:54.466958,Bank Transfer,Success,,Digital Goods
T00276,U306,828.81,2025-05-11T14:31:54.466958,Crypto,Success,,Subscription
T00277,U240,113.68,2025-05-11T09:51:54.466958,Debit Card,Success,,Digital Goods
T00278,U151,671.48,2025-04-29T05:33:54.466958,Debit Card,Success,,Retail
T00279,U202,416.23,2025-05-07T18:07:54.466958,Credit Card,Success,,Digital Goods
T00280,U105,964.7,2025-04-22T04:07:54.466958,Bank Transfer,Failure,ERR101,Travel
T00281,U588,652.29,2025-04-26T23:54:54.466958,PayPal,Success,,Subscription
T00282,U392,647.67,2025-05-06T18:01:54.466958,Crypto,Failure,,Digital Goods
T00283,U647,739.99,2025-04-19T14:26:54.466958,Debit Card,Failure,,Travel
T00284,U957,179.91,2025-05-07T06:31:54.466958,Bank Transfer,Failure,ERR303,Digital Goods
T00285,U866,962.32,2025-05-01T13:45:54.466958,Credit Card,Failure,,Subscription
T00286,U999,604.77,2025-05-10T05:04:54.466958,PayPal,Success,,Subscription
T00287,U565,989.15,2025-05-02T11:39:54.466958,Bank Transfer,Success,,Digital Goods
T00288,U971,506.69,2025-05-08T18:07:54.466958,Credit Card,Success,,Subscription
T00289,U266,732.46,2025-05-14T19:07:54.466958,Debit Card,Success,,Retail
T00290,U854,340.43,2025-05-11T15:39:54.466958,Debit Card,Success,,Digital Goods
T00291,U725,856.87,2025-04-26T13:09:54.466958,Crypto,Failure,ERR303,Subscription
T00292,U188,403.83,2025-04-28T03:30:54.466958,Debit Card,Success,,Travel
T00293,U431,936.15,2025-05-03T00:10:54.466958,Bank Transfer,Success,,Digital Goods
T00294,U557,754.99,2025-04-29T09:52:54.466958,Crypto,Failure,ERR202,Food Delivery
T00295,U111,265.25,2025-04-22T03:57:54.466958,Debit Card,Success,,Retail
T00296,U783,122.63,2025-05-15T20:42:54.466958,Bank Transfer,Success,,Food Delivery
T00297,U820,770.99,2025-05-14T04:18:54.466958,PayPal,Success,,Subscription
T00298,U729,224.74,2025-04-22T06:39:54.466958,Debit Card,Failure,ERR303,Travel
T00299,U865,988.89,2025-05-03T18:37:54.466958,Crypto,Success,,Travel
T00300,U875,539.83,2025-04-22T02:31:54.466958,Debit Card,Success,,Digital Goods
T00301,U796,755.97,2025-04-21T18:51:54.466958,Crypto,Failure,,Travel
T00302,U640,705.25,2025-05-16T02:09:54.466958,Crypto,Success,,Retail
T00303,U163,829.63,2025-05-11T04:51:54.466958,Crypto,Failure,ERR101,Food Delivery
T00304,U253,168.71,2025-05-12T09:19:54.466958,Credit Card,Failure,ERR303,Digital Goods
T00305,U834,585.23,2025-05-13T16:12:54.466958,Crypto,Success,,Travel
T00306,U928,60.36,2025-04-26T16:02:54.466958,Bank Transfer,Success,,Travel
T00307,U677,62.45,2025-04-22T02:12:54.466958,PayPal,Success,,Retail
T00308,U505,258.18,2025-05-12T14:46:54.466958,Debit Card,Success,,Food Delivery
T00309,U174,3033.59,2025-04-23T03:35:54.466958,Credit Card,Success,,Retail
T00310,U583,36.58,2025-04-27T23:03:54.466958,Debit Card,Success,,Travel
T00311,U483,992.89,2025-04-22T14:55:54.466958,Bank Transfer,Success,,Travel
T00312,U182,684.32,2025-05-16T14:01:54.466958,Crypto,Success,,Digital Goods
T00313,U769,860.99,2025-04-22T14:18:54.466958,Crypto,Success,,Travel
T00314,U641,131.71,2025-04-30T04:59:54.466958,Credit Card,Failure,,Subscription
T00315,U574,675.13,2025-05-07T21:06:54.466958,Crypto,Success,,Travel
T00316,U943,233.52,2025-04-24T23:01:54.466958,Debit Card,Success,,Subscription
T00317,U293,937.72,2025-05-15T10:19:54.466958,Credit Card,Success,,Retail
T00318,U928,661.9,2025-04-30T17:00:54.466958,Credit Card,Success,,Digital Goods
T00319,U311,71.95,2025-05-15T20:25:54.466958,Bank Transfer,Success,,Food Delivery
T00320,U788,704.77,2025-05-16T13:27:54.466958,Credit Card,Success,,Travel
T00321,U549,238.17,2025-04-21T07:29:54.466958,Credit Card,Success,,Digital Goods
T00322,U615,993.52,2025-05-17T16:36:54.466958,Crypto,Success,,Subscription
T00323,U691,599.93,2025-04-23T05:37:54.466958,PayPal,Success,,Digital Goods
T00324,U409,876.88,2025-05-08T13:59:54.466958,Debit Card,Failure,ERR404,Travel
T00325,U407,278.78,2025-05-19T10:06:54.466958,Crypto,Success,,Digital Goods
T00326,U741,680.36,2025-05-16T01:36:54.466958,Credit Card,Success,,Subscription
T00327,U758,672.99,2025-05-15T05:27:54.466958,PayPal,Success,,Travel
T00328,U518,153.47,2025-05-13T07:06:54.466958,Crypto,Success,,Travel
T00329,U346,850.09,2025-05-03T21:38:54.466958,Debit Card,Success,,Travel
T00330,U159,564.57,2025-05-01T08:54:54.466958,Crypto,Failure,ERR404,Digital Goods
T00331,U497,246.64,2025-04-28T19:11:54.466958,Credit Card,Success,,Travel
T00332,U967,374.22,2025-05-03T19:15:54.466958,Debit Card,Success,,Retail
T00333,U374,380.28,2025-04-30T08:47:54.466958,Credit Card,Success,,Retail
T00334,U292,805.63,2025-05-01T14:12:54.466958,Crypto,Success,,Digital Goods
T00335,U590,212.84,2025-05-07T12:23:54.466958,Credit Card,Failure,ERR202,Digital Goods
T00336,U294,962.27,2025-04-25T11:02:54.466958,Bank Transfer,Success,,Digital Goods
T00337,U812,606.38,2025-05-18T21:08:54.466958,Debit Card,Success,,Food Delivery
T00338,U429,776.64,2025-05-03T03:45:54.466958,Crypto,Success,,Subscription
T00339,U415,265.25,2025-05-10T07:29:54.466958,Bank Transfer,Success,,Travel
T00340,U200,803.8,2025-05-03T21:25:54.466958,PayPal,Success,,Digital Goods
T00341,U479,316.36,2025-04-22T19:19:54.466958,Debit Card,Success,,Digital Goods
T00342,U116,264.47,2025-04-19T22:15:54.466958,Bank Transfer,Failure,ERR404,Subscription
T00343,U256,200.21,2025-05-10T08:39:54.466958,Crypto,Success,,Digital Goods
T00344,U611,552.89,2025-05-17T18:33:54.466958,PayPal,Failure,ERR202,Travel
T00345,U840,643.49,2025-05-15T03:01:54.466958,Debit Card,Success,,Subscription
T00346,U273,144.26,2025-04-24T01:17:54.466958,Debit Card,Success,,Food Delivery
T00347,U757,957.45,2025-04-22T20:06:54.466958,Credit Card,Success,,Retail
T00348,U882,11.35,2025-05-13T23:19:54.466958,Debit Card,Success,,Retail
T00349,U824,155.27,2025-04-29T04:54:54.466958,Bank Transfer,Success,,Subscription
T00350,U161,619.75,2025-05-12T12:38:54.466958,Crypto,Success,,Travel
T00351,U775,490.42,2025-05-01T13:45:54.466958,Crypto,Success,,Travel
T00352,U112,21.64,2025-04-25T12:45:54.466958,Crypto,Success,,Subscription
T00353,U117,504.7,2025-05-05T09:17:54.466958,Bank Transfer,Success,,Digital Goods
T00354,U209,918.46,2025-04-22T15:13:54.466958,Debit Card,Success,,Digital Goods
T00355,U734,528.82,2025-04-30T14:54:54.466958,PayPal,Success,,Travel
T00356,U180,376.19,2025-05-06T07:42:54.466958,Crypto,Success,,Digital Goods
T00357,U813,229.73,2025-05-02T11:21:54.466958,Credit Card,Failure,ERR504,Retail
T00358,U195,408.25,2025-04-26T16:23:54.466958,Bank Transfer,Success,,Retail
T00359,U752,14.4,2025-05-09T10:41:54.466958,Bank Transfer,Success,,Travel
T00360,U760,785.45,2025-05-14T05:25:54.466958,Credit Card,Success,,Food Delivery
T00361,U143,233.62,2025-05-03T06:30:54.466958,Crypto,Failure,ERR504,Travel
T00362,U377,51.33,2025-05-17T08:11:54.466958,PayPal,Success,,Food Delivery
T00363,U677,659.82,2025-05-19T06:23:54.466958,PayPal,Success,,Retail
T00364,U312,589.1,2025-05-13T13:49:54.466958,Bank Transfer,Success,,Retail
T00365,U406,166.64,2025-04-19T20:37:54.466958,Bank Transfer,Success,,Food Delivery
T00366,U439,386.93,2025-05-14T17:51:54.466958,Credit Card,Success,,Food Delivery
T00367,U863,974.45,2025-05-03T03:05:54.466958,Bank Transfer,Success,,Digital Goods
T00368,U958,80.64,2025-04-24T05:13:54.466958,Crypto,Success,,Food Delivery
T00369,U506,969.08,2025-04-25T14:45:54.466958,PayPal,Success,,Travel
T00370,U602,232.0,2025-05-01T12:57:54.466958,Bank Transfer,Success,,Travel
T00371,U290,681.3,2025-04-24T18:09:54.466958,Credit Card,Success,,Food Delivery
T00372,U402,799.06,2025-04-24T08:59:54.466958,Credit Card,Success,,Subscription
T00373,U257,383.1,2025-05-14T16:21:54.466958,Debit Card,Success,,Travel
T00374,U424,363.9,2025-04-26T13:52:54.466958,PayPal,Success,,Travel
T00375,U468,762.54,2025-05-01T21:33:54.466958,Credit Card,Success,,Digital Goods
T00376,U541,451.6,2025-05-02T07:50:54.466958,Bank Transfer,Success,,Retail
T00377,U126,94.17,2025-05-17T00:43:54.466958,Crypto,Success,,Food Delivery
T00378,U903,327.81,2025-04-29T02:08:54.466958,PayPal,Success,,Travel
T00379,U497,780.27,2025-05-05T02:36:54.466958,Crypto,Success,,Digital Goods
T00380,U685,523.5,2025-04-28T18:27:54.466958,Debit Card,Success,,Digital Goods
T00381,U999,304.63,2025-05-18T08:50:54.466958,Bank Transfer,Success,,Digital Goods
T00382,U164,171.37,2025-05-01T12:25:54.466958,PayPal,Success,,Travel
T00383,U901,81.54,2025-05-12T12:07:54.466958,Debit Card,Success,,Travel
T00384,U708,618.59,2025-05-11T17:41:54.466958,Debit Card,Success,,Subscription
T00385,U106,949.08,2025-04-30T22:22:54.466958,Crypto,Success,,Travel
T00386,U923,3320.67,2025-04-21T19:34:54.466958,Crypto,Success,,Digital Goods
T00387,U407,324.06,2025-04-23T16:53:54.466958,Bank Transfer,Failure,ERR101,Subscription
T00388,U281,964.75,2025-05-18T08:53:54.466958,Bank Transfer,Failure,ERR202,Food Delivery
T00389,U900,246.21,2025-05-08T18:44:54.466958,Bank Transfer,Success,,Subscription
T00390,U216,932.41,2025-05-02T02:17:54.466958,Crypto,Success,,Digital Goods
T00391,U798,768.78,2025-04-21T12:14:54.466958,Bank Transfer,Success,,Digital Goods
T00392,U548,798.7,2025-04-19T15:57:54.466958,Credit Card,Success,,Travel
T00393,U789,501.81,2025-05-04T16:24:54.466958,Debit Card,Success,,Subscription
T00394,U774,158.37,2025-04-25T10:58:54.466958,Bank Transfer,Success,,Retail
T00395,U559,990.75,2025-05-18T11:58:54.466958,Bank Transfer,Success,,Food Delivery
T00396,U618,923.88,2025-05-01T10:12:54.466958,Crypto,Failure,ERR303,Retail
T00397,U909,968.59,2025-04-26T20:34:54.466958,Crypto,Success,,Food Delivery
T00398,U753,914.83,2025-05-09T14:41:54.466958,Debit Card,Success,,Subscription
T00399,U270,648.76,2025-05-14T14:39:54.466958,Bank Transfer,Success,,Subscription
T00400,U915,433.3,2025-05-08T23:13:54.466958,PayPal,Success,,Digital Goods
T00401,U622,748.12,2025-05-15T00:44:54.466958,Crypto,Success,,Digital Goods
T00402,U556,377.25,2025-04-19T22:38:54.466958,Crypto,Success,,Food Delivery
T00403,U254,348.24,2025-04-24T14:16:54.466958,Credit Card,Success,,Subscription
T00404,U525,920.94,2025-04-22T22:16:54.466958,Debit Card,Success,,Subscription
T00405,U419,346.35,2025-04-26T06:53:54.466958,Crypto,Success,,Travel
T00406,U456,478.78,2025-05-14T08:00:54.466958,Bank Transfer,Success,,Subscription
T00407,U168,303.76,2025-04-21T03:26:54.466958,Credit Card,Success,,Retail
T00408,U969,346.36,2025-05-06T07:21:54.466958,Debit Card,Success,,Digital Goods
T00409,U628,178.58,2025-05-16T00:20:54.466958,Crypto,Success,,Travel
T00410,U573,235.7,2025-05-14T15:35:54.466958,Debit Card,Success,,Digital Goods
T00411,U755,659.02,2025-04-26T05:50:54.466958,Crypto,Success,,Digital Goods
T00412,U560,594.24,2025-05-09T01:31:54.466958,Debit Card,Success,,Digital Goods
T00413,U385,753.56,2025-04-25T07:17:54.466958,Credit Card,Success,,Food Delivery
T00414,U204,800.5,2025-04-21T09:46:54.466958,PayPal,Success,,Subscription
T00415,U301,460.26,2025-05-03T12:47:54.466958,Bank Transfer,Success,,Food Delivery
T00416,U754,316.84,2025-05-06T02:22:54.466958,Bank Transfer,Success,,Food Delivery
T00417,U216,351.19,2025-04-21T07:39:54.466958,Crypto,Success,,Digital Goods
T00418,U933,675.22,2025-05-05T18:54:54.466958,Crypto,Success,,Food Delivery
T00419,U186,673.75,2025-04-29T01:32:54.466958,Debit Card,Success,,Subscription
T00420,U219,187.13,2025-04-30T20:38:54.466958,Crypto,Success,,Travel
T00421,U528,598.44,2025-04-24T04:21:54.466958,Bank Transfer,Success,,Digital Goods
T00422,U598,637.32,2025-05-05T14:23:54.466958,Debit Card,Success,,Food Delivery
T00423,U270,492.19,2025-05-14T23:37:54.466958,PayPal,Success,,Travel
T00424,U734,58.34,2025-05-07T23:57:54.466958,Credit Card,Success,,Travel
T00425,U239,199.15,2025-05-17T18:00:54.466958,Crypto,Success,,Food Delivery
T00426,U768,497.49,2025-04-26T12:53:54.466958,Bank Transfer,Success,,Travel
T00427,U600,171.42,2025-04-30T06:39:54.466958,Debit Card,Success,,Subscription
T00428,U133,278.48,2025-04-26T21:34:54.466958,Debit Card,Success,,Travel
T00429,U679,743.81,2025-04-27T13:28:54.466958,Crypto,Success,,Food Delivery
T00430,U215,574.85,2025-05-08T06:25:54.466958,Crypto,Success,,Subscription
T00431,U655,823.5,2025-04-20T15:09:54.466958,Bank Transfer,Success,,Food Delivery
T00432,U323,989.83,2025-04-27T15:59:54.466958,Debit Card,Success,,Subscription
T00433,U995,999.32,2025-05-04T14:55:54.466958,PayPal,Success,,Retail
T00434,U549,865.96,2025-05-08T05:47:54.466958,Debit Card,Success,,Digital Goods
T00435,U930,738.92,2025-04-30T19:08:54.466958,Crypto,Success,,Travel
T00436,U269,618.07,2025-05-01T15:30:54.466958,Debit Card,Success,,Retail
T00437,U683,354.06,2025-04-26T17:58:54.466958,Crypto,Success,,Digital Goods
T00438,U431,979.11,2025-04-24T10:09:54.466958,Crypto,Success,,Subscription
T00439,U978,516.84,2025-05-06T21:55:54.466958,Debit Card,Failure,,Travel
T00440,U160,992.52,2025-04-21T06:22:54.466958,Debit Card,Failure,ERR101,Digital Goods
T00441,U249,712.84,2025-05-10T22:12:54.466958,Bank Transfer,Success,,Travel
T00442,U245,579.54,2025-04-29T15:02:54.466958,Bank Transfer,Success,,Travel
T00443,U562,80.14,2025-04-28T14:04:54.466958,Credit Card,Success,,Travel
T00444,U627,751.05,2025-05-10T10:51:54.466958,PayPal,Success,,Travel
T00445,U599,330.65,2025-05-05T10:00:54.466958,Credit Card,Success,,Travel
T00446,U750,665.82,2025-05-03T09:25:54.466958,PayPal,Failure,ERR504,Retail
T00447,U914,536.75,2025-04-29T20:40:54.466958,Bank Transfer,Success,,Digital Goods
T00448,U606,272.19,2025-04-29T15:34:54.466958,PayPal,Success,,Food Delivery
T00449,U691,134.94,2025-04-20T13:55:54.466958,Credit Card,Failure,ERR202,Retail
T00450,U201,628.05,2025-04-28T07:01:54.466958,Credit Card,Success,,Retail
T00451,U978,162.19,2025-05-07T15:18:54.466958,Bank Transfer,Success,,Digital Goods
T00452,U805,909.86,2025-05-04T10:37:54.466958,Debit Card,Failure,ERR202,Subscription
T00453,U195,656.32,2025-05-02T04:23:54.466958,PayPal,Success,,Digital Goods
T00454,U153,399.36,2025-04-22T15:54:54.466958,Debit Card,Success,,Travel
T00455,U771,95.74,2025-05-02T04:57:54.466958,Debit Card,Success,,Travel
T00456,U179,137.04,2025-05-05T11:37:54.466958,Bank Transfer,Success,,Retail
T00457,U108,697.12,2025-05-18T16:45:54.466958,Bank Transfer,Success,,Digital Goods
T00458,U589,75.47,2025-05-12T16:29:54.466958,Credit Card,Success,,Retail
T00459,U420,370.72,2025-05-07T16:38:54.466958,Bank Transfer,Success,,Digital Goods
T00460,U756,992.98,2025-05-13T21:46:54.466958,Crypto,Success,,Food Delivery
T00461,U108,612.27,2025-05-04T13:47:54.466958,PayPal,Success,,Digital Goods
T00462,U743,749.53,2025-04-20T18:13:54.466958,Bank Transfer,Failure,ERR404,Digital Goods
T00463,U188,2420.04,2025-04-24T18:04:54.466958,Bank Transfer,Success,,Subscription
T00464,U539,317.93,2025-05-01T09:23:54.466958,PayPal,Success,,Retail
T00465,U354,555.63,2025-04-27T15:07:54.466958,Crypto,Success,,Subscription
T00466,U897,941.57,2025-05-15T22:14:54.466958,PayPal,Success,,Digital Goods
T00467,U630,608.89,2025-05-01T14:02:54.466958,Bank Transfer,Success,,Subscription
T00468,U761,59.3,2025-04-21T05:52:54.466958,Bank Transfer,Failure,ERR101,Travel
T00469,U215,244.88,2025-04-24T10:29:54.466958,Credit Card,Success,,Food Delivery
T00470,U112,986.95,2025-05-16T15:41:54.466958,Bank Transfer,Failure,ERR101,Food Delivery
T00471,U530,368.59,2025-05-09T06:44:54.466958,Bank Transfer,Success,,Retail
T00472,U117,589.43,2025-05-05T05:39:54.466958,Debit Card,Success,,Retail
T00473,U161,948.94,2025-05-03T18:42:54.466958,PayPal,Success,,Food Delivery
T00474,U885,418.35,2025-05-09T08:44:54.466958,Credit Card,Success,,Food Delivery
T00475,U650,617.97,2025-05-17T02:13:54.466958,PayPal,Success,,Retail
T00476,U999,921.32,2025-05-12T18:41:54.466958,Debit Card,Success,,Food Delivery
T00477,U434,393.78,2025-04-24T18:23:54.466958,Credit Card,Success,,Subscription
T00478,U815,440.3,2025-05-07T00:49:54.466958,Credit Card,Failure,ERR101,Digital Goods
T00479,U188,925.0,2025-05-15T17:52:54.466958,Crypto,Success,,Food Delivery
T00480,U156,312.74,2025-04-28T03:42:54.466958,Debit Card,Success,,Retail
T00481,U112,709.36,2025-05-01T02:18:54.466958,Debit Card,Success,,Travel
T00482,U455,525.39,2025-04-21T12:33:54.466958,PayPal,Success,,Digital Goods
T00483,U480,131.3,2025-05-09T08:22:54.466958,PayPal,Success,,Retail
T00484,U889,900.4,2025-04-19T13:55:54.466958,Bank Transfer,Success,,Subscription
T00485,U636,68.55,2025-05-13T03:58:54.466958,Crypto,Success,,Retail
T00486,U608,457.92,2025-05-14T00:12:54.466958,Bank Transfer,Success,,Food Delivery
T00487,U270,370.85,2025-04-28T11:17:54.466958,Credit Card,Success,,Food Delivery
T00488,U790,724.16,2025-05-06T01:54:54.466958,Crypto,Success,,Retail
T00489,U145,859.4,2025-05-09T03:10:54.466958,Credit Card,Success,,Travel
T00490,U472,386.06,2025-04-22T16:30:54.466958,Credit Card,Success,,Food Delivery
T00491,U922,914.38,2025-05-04T12:44:54.466958,Bank Transfer,Success,,Digital Goods
T00492,U429,252.02,2025-05-17T20:44:54.466958,PayPal,Failure,ERR202,Retail
T00493,U685,375.94,2025-05-03T18:57:54.466958,Credit Card,Success,,Digital Goods
T00494,U328,805.32,2025-04-25T04:12:54.466958,Credit Card,Failure,ERR303,Travel
T00495,U986,285.9,2025-05-03T04:06:54.466958,PayPal,Success,,Retail
T00496,U666,459.46,2025-05-12T13:59:54.466958,PayPal,Success,,Food Delivery
T00497,U903,307.39,2025-05-03T13:54:54.466958,Bank Transfer,Success,,Subscription
T00498,U705,972.0,2025-05-08T02:09:54.466958,Crypto,Failure,ERR101,Digital Goods
T00499,U254,11.35,2025-05-04T08:21:54.466958,Debit Card,Success,,Food Delivery
T00500,U454,637.76,2025-05-07T19:36:54.466958,Credit Card,Success,,Subscription
T00501,U101,760.13,2025-05-02T23:01:54.466958,PayPal,Success,,Retail
T00502,U310,532.17,2025-05-14T17:38:54.466958,Bank Transfer,Success,,Retail
T00503,U245,713.09,2025-04-25T07:06:54.466958,Debit Card,Success,,Food Delivery
T00504,U522,702.34,2025-04-28T05:37:54.466958,Credit Card,Success,,Food Delivery
T00505,U197,507.9,2025-05-08T15:19:54.466958,Bank Transfer,Success,,Retail
T00506,U706,569.98,2025-05-06T18:12:54.466958,Debit Card,Success,,Digital Goods
T00507,U398,264.69,2025-04-27T10:10:54.466958,Bank Transfer,Success,,Subscription
T00508,U425,455.49,2025-05-17T12:23:54.466958,Debit Card,Success,,Digital Goods
T00509,U898,771.3,2025-05-15T09:41:54.466958,Credit Card,Success,,Digital Goods
T00510,U560,468.72,2025-05-03T04:48:54.466958,Crypto,Success,,Subscription
T00511,U888,211.6,2025-05-07T23:37:54.466958,PayPal,Success,,Retail
T00512,U192,161.83,2025-05-14T10:34:54.466958,Crypto,Success,,Retail
T00513,U320,836.75,2025-04-19T12:31:54.466958,Credit Card,Success,,Digital Goods
T00514,U464,399.26,2025-05-03T07:59:54.466958,PayPal,Success,,Subscription
T00515,U939,990.72,2025-05-02T13:28:54.466958,Bank Transfer,Success,,Travel
T00516,U669,749.34,2025-04-29T01:39:54.466958,Bank Transfer,Success,,Retail
T00517,U923,794.84,2025-05-09T01:38:54.466958,Credit Card,Success,,Digital Goods
T00518,U233,202.14,2025-05-15T21:34:54.466958,Credit Card,Success,,Food Delivery
T00519,U700,262.53,2025-05-17T02:43:54.466958,Credit Card,Success,,Retail
T00520,U302,902.98,2025-05-19T07:11:54.466958,Debit Card,Success,,Retail
T00521,U967,830.21,2025-05-04T04:03:54.466958,Credit Card,Success,,Travel
T00522,U151,172.15,2025-05-10T15:58:54.466958,Bank Transfer,Success,,Travel
T00523,U130,385.82,2025-05-09T14:37:54.466958,PayPal,Success,,Digital Goods
T00524,U291,278.61,2025-05-09T15:02:54.466958,Debit Card,Success,,Retail
T00525,U728,621.08,2025-04-29T05:30:54.466958,PayPal,Success,,Travel
T00526,U521,883.36,2025-05-12T18:25:54.466958,Credit Card,Success,,Subscription
T00527,U492,141.55,2025-05-11T00:55:54.466958,Crypto,Success,,Digital Goods
T00528,U745,994.12,2025-04-27T05:25:54.466958,Credit Card,Success,,Travel
T00529,U900,714.8,2025-05-19T11:43:54.466958,Bank Transfer,Success,,Subscription
T00530,U679,504.88,2025-04-23T08:42:54.466958,Debit Card,Success,,Retail
T00531,U426,599.13,2025-05-02T10:03:54.466958,PayPal,Success,,Retail
T00532,U928,991.57,2025-05-12T23:05:54.466958,Crypto,Success,,Digital Goods
T00533,U263,104.63,2025-05-18T07:25:54.466958,PayPal,Success,,Food Delivery
T00534,U935,792.28,2025-05-17T16:28:54.466958,Debit Card,Success,,Food Delivery
T00535,U966,982.75,2025-05-04T18:11:54.466958,Bank Transfer,Failure,ERR504,Subscription
T00536,U959,991.58,2025-04-23T18:05:54.466958,Debit Card,Success,,Food Delivery
T00537,U425,807.18,2025-04-30T04:37:54.466958,Crypto,Success,,Retail
T00538,U820,702.06,2025-05-03T15:08:54.466958,Debit Card,Failure,ERR404,Food Delivery
T00539,U292,837.51,2025-04-29T17:27:54.466958,Bank Transfer,Success,,Food Delivery
T00540,U416,2113.89,2025-04-28T13:35:54.466958,Crypto,Success,,Digital Goods
T00541,U120,528.82,2025-04-26T05:01:54.466958,Crypto,Success,,Digital Goods
T00542,U925,134.84,2025-04-20T14:45:54.466958,PayPal,Success,,Retail
T00543,U122,151.97,2025-04-21T14:33:54.466958,Debit Card,Success,,Retail
T00544,U966,528.66,2025-04-30T15:31:54.466958,Credit Card,Success,,Subscription
T00545,U821,942.21,2025-05-11T03:03:54.466958,Credit Card,Success,,Subscription
T00546,U409,325.99,2025-05-17T07:45:54.466958,Bank Transfer,Failure,ERR504,Travel
T00547,U764,320.7,2025-04-22T19:37:54.466958,Crypto,Success,,Food Delivery
T00548,U905,360.04,2025-05-10T05:31:54.466958,Debit Card,Success,,Travel
T00549,U414,735.32,2025-05-08T08:45:54.466958,Debit Card,Success,,Retail
T00550,U818,948.95,2025-05-18T03:57:54.466958,Crypto,Success,,Retail
T00551,U286,604.38,2025-05-15T16:52:54.466958,Debit Card,Failure,ERR404,Food Delivery
T00552,U206,937.0,2025-04-28T08:27:54.466958,Credit Card,Success,,Digital Goods
T00553,U455,982.47,2025-05-06T23:29:54.466958,Credit Card,Success,,Subscription
T00554,U557,16.34,2025-05-12T00:04:54.466958,Credit Card,Success,,Subscription
T00555,U362,788.08,2025-05-07T16:36:54.466958,Credit Card,Success,,Travel
T00556,U548,733.92,2025-04-30T14:34:54.466958,Bank Transfer,Failure,ERR303,Travel
T00557,U459,548.29,2025-04-26T05:16:54.466958,Bank Transfer,Success,,Food Delivery
T00558,U766,759.45,2025-05-19T08:40:54.466958,Bank Transfer,Success,,Retail
T00559,U918,846.53,2025-04-19T18:08:54.466958,PayPal,Success,,Subscription
T00560,U207,78.83,2025-04-24T08:30:54.466958,Bank Transfer,Success,,Digital Goods
T00561,U849,79.63,2025-05-08T20:27:54.466958,PayPal,Failure,,Food Delivery
T00562,U728,893.76,2025-04-29T11:06:54.466958,Bank Transfer,Success,,Digital Goods
T00563,U721,890.3,2025-04-27T12:11:54.466958,Credit Card,Success,,Subscription
T00564,U310,974.53,2025-05-13T01:49:54.466958,Crypto,Success,,Food Delivery
T00565,U371,662.29,2025-05-10T15:29:54.466958,Credit Card,Success,,Retail
T00566,U502,573.91,2025-04-21T18:56:54.466958,Debit Card,Success,,Retail
T00567,U469,8.8,2025-05-14T20:55:54.466958,Crypto,Success,,Travel
T00568,U304,101.5,2025-04-30T20:16:54.466958,PayPal,Success,,Retail
T00569,U584,844.55,2025-04-25T00:38:54.466958,Bank Transfer,Success,,Travel
T00570,U600,895.4,2025-05-10T06:39:54.466958,Crypto,Success,,Travel
T00571,U999,374.17,2025-04-25T13:43:54.466958,Bank Transfer,Success,,Subscription
T00572,U291,448.55,2025-05-10T15:35:54.466958,Bank Transfer,Success,,Subscription
T00573,U331,837.89,2025-05-13T16:13:54.466958,Debit Card,Success,,Retail
T00574,U187,669.8,2025-05-14T22:34:54.466958,Bank Transfer,Success,,Food Delivery
T00575,U332,555.83,2025-05-16T14:28:54.466958,Crypto,Success,,Travel
T00576,U648,688.63,2025-05-03T22:39:54.466958,Debit Card,Failure,ERR404,Travel
T00577,U406,83.56,2025-05-09T15:29:54.466958,Credit Card,Failure,ERR504,Food Delivery
T00578,U684,900.95,2025-05-17T09:15:54.466958,Crypto,Success,,Digital Goods
T00579,U223,949.51,2025-05-12T11:26:54.466958,Debit Card,Success,,Digital Goods
T00580,U927,196.76,2025-05-08T22:11:54.466958,Credit Card,Success,,Travel
T00581,U306,997.28,2025-05-14T10:30:54.466958,Crypto,Success,,Subscription
T00582,U427,911.25,2025-05-09T19:08:54.466958,Credit Card,Failure,,Travel
T00583,U669,400.37,2025-04-26T17:55:54.466958,PayPal,Success,,Food Delivery
T00584,U569,917.58,2025-05-11T02:33:54.466958,Crypto,Success,,Food Delivery
T00585,U635,782.78,2025-05-09T23:40:54.466958,Debit Card,Success,,Digital Goods
T00586,U680,589.99,2025-05-01T07:11:54.466958,Credit Card,Success,,Retail
T00587,U676,780.65,2025-04-30T18:08:54.466958,Crypto,Success,,Subscription
T00588,U998,413.84,2025-05-18T12:34:54.466958,Bank Transfer,Success,,Food Delivery
T00589,U723,475.68,2025-05-02T02:58:54.466958,Bank Transfer,Success,,Digital Goods
T00590,U733,610.61,2025-05-13T05:28:54.466958,Credit Card,Success,,Travel
T00591,U439,692.06,2025-05-11T13:23:54.466958,Bank Transfer,Success,,Subscription
T00592,U481,25.13,2025-05-18T00:39:54.466958,PayPal,Success,,Subscription
T00593,U387,843.63,2025-04-30T09:24:54.466958,Credit Card,Failure,ERR504,Digital Goods
T00594,U237,303.98,2025-05-02T00:01:54.466958,PayPal,Success,,Subscription
T00595,U846,419.69,2025-05-09T12:32:54.466958,Debit Card,Success,,Travel
T00596,U316,913.87,2025-04-23T00:42:54.466958,Bank Transfer,Success,,Food Delivery
T00597,U988,377.04,2025-05-02T12:10:54.466958,Debit Card,Success,,Retail
T00598,U418,711.02,2025-04-30T04:12:54.466958,Crypto,Success,,Food Delivery
T00599,U129,177.87,2025-05-01T20:52:54.466958,Credit Card,Failure,ERR101,Digital Goods
T00600,U133,459.17,2025-05-04T18:55:54.466958,Debit Card,Failure,ERR504,Subscription
T00601,U477,824.39,2025-05-04T01:17:54.466958,Credit Card,Success,,Retail
T00602,U347,375.6,2025-05-14T02:04:54.466958,Debit Card,Success,,Travel
T00603,U700,553.58,2025-04-23T04:05:54.466958,PayPal,Success,,Retail
T00604,U391,32.31,2025-04-25T19:13:54.466958,Crypto,Success,,Digital Goods
T00605,U977,225.24,2025-04-26T08:49:54.466958,Debit Card,Success,,Subscription
T00606,U767,412.46,2025-04-30T00:40:54.466958,Credit Card,Success,,Travel
T00607,U235,649.13,2025-05-06T22:27:54.466958,Credit Card,Success,,Digital Goods
T00608,U358,610.3,2025-04-26T10:59:54.466958,PayPal,Failure,ERR504,Travel
T00609,U485,852.33,2025-04-29T05:46:54.466958,Debit Card,Success,,Travel
T00610,U409,678.81,2025-04-22T10:14:54.466958,Bank Transfer,Success,,Food Delivery
T00611,U204,12.31,2025-05-08T09:13:54.466958,Crypto,Failure,ERR202,Food Delivery
T00612,U723,286.26,2025-05-08T01:17:54.466958,Bank Transfer,Success,,Retail
T00613,U444,988.42,2025-05-04T13:29:54.466958,PayPal,Success,,Subscription
T00614,U771,712.54,2025-05-14T04:45:54.466958,Debit Card,Failure,ERR202,Digital Goods
T00615,U629,766.65,2025-05-10T16:59:54.466958,Bank Transfer,Failure,ERR404,Subscription
T00616,U797,144.23,2025-05-08T10:13:54.466958,Bank Transfer,Success,,Subscription
T00617,U365,3213.8,2025-04-22T08:05:54.466958,Crypto,Success,,Food Delivery
T00618,U935,193.97,2025-04-28T22:00:54.466958,Debit Card,Success,,Food Delivery
T00619,U753,785.97,2025-05-08T14:59:54.466958,PayPal,Failure,ERR504,Food Delivery
T00620,U407,846.19,2025-05-07T05:29:54.466958,Crypto,Success,,Digital Goods
T00621,U400,102.12,2025-05-16T02:03:54.466958,PayPal,Success,,Food Delivery
T00622,U881,913.06,2025-04-20T09:25:54.466958,Credit Card,Failure,ERR202,Digital Goods
T00623,U463,227.21,2025-05-15T16:53:54.466958,PayPal,Failure,ERR303,Subscription
T00624,U366,587.64,2025-05-06T19:33:54.466958,Bank Transfer,Failure,ERR504,Retail
T00625,U581,58.41,2025-05-11T05:04:54.466958,Crypto,Success,,Food Delivery
T00626,U172,474.86,2025-04-19T18:31:54.466958,Credit Card,Success,,Travel
T00627,U642,301.86,2025-05-05T12:17:54.466958,Debit Card,Success,,Digital Goods
T00628,U305,345.96,2025-05-03T02:14:54.466958,Debit Card,Failure,ERR303,Subscription
T00629,U983,717.09,2025-05-07T06:03:54.466958,Bank Transfer,Success,,Subscription
T00630,U746,986.71,2025-05-08T13:45:54.466958,Credit Card,Success,,Retail
T00631,U562,277.16,2025-05-13T23:57:54.466958,Debit Card,Success,,Food Delivery
T00632,U882,162.64,2025-05-14T08:36:54.466958,Credit Card,Success,,Digital Goods
T00633,U729,436.54,2025-05-16T22:59:54.466958,Bank Transfer,Success,,Travel
T00634,U492,9.65,2025-04-29T12:58:54.466958,PayPal,Success,,Retail
T00635,U429,758.06,2025-05-11T17:21:54.466958,Credit Card,Success,,Retail
T00636,U741,734.94,2025-04-29T11:45:54.466958,PayPal,Success,,Subscription
T00637,U232,107.19,2025-05-01T22:12:54.466958,PayPal,Success,,Digital Goods
T00638,U166,824.72,2025-05-09T08:07:54.466958,PayPal,Success,,Travel
T00639,U845,522.69,2025-05-11T14:32:54.466958,Bank Transfer,Success,,Digital Goods
T00640,U450,996.16,2025-04-20T19:47:54.466958,Debit Card,Success,,Digital Goods
T00641,U931,406.37,2025-05-07T04:49:54.466958,Debit Card,Success,,Digital Goods
T00642,U851,26.8,2025-05-04T19:13:54.466958,Credit Card,Success,,Subscription
T00643,U828,652.29,2025-05-07T21:42:54.466958,PayPal,Success,,Food Delivery
T00644,U738,53.34,2025-04-27T00:21:54.466958,Credit Card,Failure,ERR504,Retail
T00645,U149,691.3,2025-05-10T18:35:54.466958,Bank Transfer,Success,,Retail
T00646,U660,256.47,2025-04-25T07:29:54.466958,Debit Card,Success,,Retail
T00647,U408,423.77,2025-05-17T19:45:54.466958,Crypto,Success,,Subscription
T00648,U737,607.61,2025-05-13T19:29:54.466958,Credit Card,Success,,Food Delivery
T00649,U836,619.61,2025-04-20T17:32:54.466958,Credit Card,Success,,Travel
T00650,U303,610.96,2025-05-07T10:27:54.466958,Crypto,Success,,Digital Goods
T00651,U466,704.92,2025-05-16T10:35:54.466958,Credit Card,Success,,Food Delivery
T00652,U608,910.8,2025-05-15T04:32:54.466958,Bank Transfer,Success,,Subscription
T00653,U340,7.72,2025-04-20T17:41:54.466958,Credit Card,Success,,Food Delivery
T00654,U785,496.63,2025-04-23T07:46:54.466958,Credit Card,Failure,ERR404,Retail
T00655,U362,646.12,2025-05-18T18:08:54.466958,PayPal,Success,,Subscription
T00656,U575,54.83,2025-05-09T00:14:54.466958,Credit Card,Success,,Subscription
T00657,U468,802.59,2025-04-25T16:18:54.466958,Credit Card,Success,,Retail
T00658,U971,759.41,2025-05-10T12:22:54.466958,Debit Card,Success,,Digital Goods
T00659,U436,360.74,2025-04-27T18:34:54.466958,Crypto,Success,,Subscription
T00660,U999,734.4,2025-04-21T19:00:54.466958,PayPal,Success,,Digital Goods
T00661,U216,403.77,2025-05-01T08:14:54.466958,Bank Transfer,Failure,ERR202,Travel
T00662,U919,424.63,2025-05-06T18:09:54.466958,Credit Card,Failure,ERR101,Digital Goods
T00663,U812,727.78,2025-05-04T09:38:54.466958,Credit Card,Failure,ERR101,Travel
T00664,U704,485.26,2025-04-29T03:16:54.466958,Bank Transfer,Success,,Digital Goods
T00665,U725,382.85,2025-05-10T04:44:54.466958,Credit Card,Success,,Digital Goods
T00666,U999,920.8,2025-05-04T09:05:54.466958,Credit Card,Success,,Travel
T00667,U551,50.74,2025-05-04T20:43:54.466958,PayPal,Success,,Retail
T00668,U821,868.99,2025-05-06T18:11:54.466958,Crypto,Success,,Food Delivery
T00669,U329,978.01,2025-05-02T04:00:54.466958,PayPal,Success,,Food Delivery
T00670,U635,689.8,2025-05-08T16:32:54.466958,Bank Transfer,Success,,Digital Goods
T00671,U593,349.02,2025-04-30T23:37:54.466958,Bank Transfer,Success,,Digital Goods
T00672,U959,827.31,2025-04-23T05:32:54.466958,Credit Card,Failure,ERR404,Retail
T00673,U758,934.7,2025-05-10T21:47:54.466958,Bank Transfer,Success,,Travel
T00674,U990,169.58,2025-04-20T09:15:54.466958,PayPal,Success,,Digital Goods
T00675,U438,970.29,2025-05-14T01:16:54.466958,Debit Card,Success,,Food Delivery
T00676,U758,381.74,2025-04-21T20:58:54.466958,Credit Card,Success,,Travel
T00677,U554,802.25,2025-05-05T10:20:54.466958,Bank Transfer,Success,,Travel
T00678,U423,123.11,2025-04-29T16:59:54.466958,Credit Card,Success,,Retail
T00679,U513,415.28,2025-05-19T02:12:54.466958,Credit Card,Success,,Retail
T00680,U910,606.18,2025-04-22T15:01:54.466958,PayPal,Success,,Food Delivery
T00681,U675,210.82,2025-05-19T03:58:54.466958,PayPal,Success,,Subscription
T00682,U945,59.0,2025-04-21T08:03:54.466958,Bank Transfer,Success,,Subscription
T00683,U673,768.58,2025-04-20T21:58:54.466958,PayPal,Success,,Travel
T00684,U216,101.95,2025-04-30T18:10:54.466958,Credit Card,Success,,Subscription
T00685,U463,830.73,2025-04-28T13:50:54.466958,Crypto,Failure,ERR202,Food Delivery
T00686,U482,703.59,2025-04-20T10:20:54.466958,Debit Card,Success,,Travel
T00687,U243,822.73,2025-05-17T18:44:54.466958,Bank Transfer,Success,,Retail
T00688,U360,612.8,2025-04-26T10:31:54.466958,Bank Transfer,Success,,Digital Goods
T00689,U568,825.43,2025-04-30T08:38:54.466958,PayPal,Success,,Retail
T00690,U875,417.4,2025-04-25T05:57:54.466958,Crypto,Failure,ERR504,Retail
T00691,U890,892.3,2025-05-11T01:20:54.466958,Crypto,Success,,Food Delivery
T00692,U237,964.04,2025-04-24T17:01:54.466958,Credit Card,Success,,Food Delivery
T00693,U543,839.62,2025-05-15T04:05:54.466958,Crypto,Success,,Digital Goods
T00694,U808,4191.48,2025-04-29T10:09:54.466958,Bank Transfer,Success,,Food Delivery
T00695,U720,883.28,2025-05-10T16:01:54.466958,Bank Transfer,Success,,Travel
T00696,U723,916.33,2025-05-01T03:58:54.466958,PayPal,Success,,Travel
T00697,U451,970.64,2025-05-06T07:00:54.466958,Debit Card,Success,,Digital Goods
T00698,U522,604.51,2025-04-27T03:21:54.466958,PayPal,Failure,ERR404,Food Delivery
T00699,U981,317.34,2025-05-17T01:52:54.466958,Crypto,Success,,Digital Goods
T00700,U305,213.66,2025-05-17T03:21:54.466958,PayPal,Success,,Digital Goods
T00701,U827,651.84,2025-04-24T17:11:54.466958,Crypto,Failure,ERR404,Subscription
T00702,U827,119.83,2025-04-26T22:57:54.466958,Bank Transfer,Success,,Food Delivery
T00703,U684,942.96,2025-05-03T15:49:54.466958,Crypto,Success,,Subscription
T00704,U998,848.06,2025-04-24T10:09:54.466958,Crypto,Success,,Retail
T00705,U125,383.97,2025-05-15T20:09:54.466958,Credit Card,Success,,Digital Goods
T00706,U373,751.43,2025-04-20T16:07:54.466958,PayPal,Success,,Subscription
T00707,U249,840.18,2025-05-03T16:49:54.466958,PayPal,Success,,Digital Goods
T00708,U871,543.47,2025-05-15T17:00:54.466958,Bank Transfer,Success,,Retail
T00709,U730,868.7,2025-05-06T14:01:54.466958,Debit Card,Success,,Food Delivery
T00710,U498,241.41,2025-05-07T13:20:54.466958,PayPal,Success,,Retail
T00711,U490,390.62,2025-04-28T12:42:54.466958,PayPal,Failure,ERR504,Food Delivery
T00712,U155,17.9,2025-04-22T23:05:54.466958,Crypto,Success,,Travel
T00713,U949,229.42,2025-05-16T10:48:54.466958,PayPal,Failure,ERR504,Food Delivery
T00714,U659,739.76,2025-05-18T01:11:54.466958,Debit Card,Success,,Subscription
T00715,U559,181.54,2025-04-30T13:20:54.466958,Debit Card,Success,,Digital Goods
T00716,U852,516.28,2025-04-24T03:23:54.466958,Bank Transfer,Success,,Subscription
T00717,U669,267.92,2025-05-03T05:29:54.466958,PayPal,Success,,Retail
T00718,U438,469.0,2025-05-16T19:53:54.466958,Debit Card,Failure,,Subscription
T00719,U711,55.6,2025-04-25T00:18:54.466958,PayPal,Failure,ERR404,Travel
T00720,U908,574.81,2025-05-15T06:13:54.466958,PayPal,Success,,Food Delivery
T00721,U325,957.2,2025-04-21T08:56:54.466958,Crypto,Success,,Digital Goods
T00722,U525,545.36,2025-05-05T07:19:54.466958,PayPal,Success,,Digital Goods
T00723,U318,665.02,2025-05-13T17:58:54.466958,PayPal,Success,,Digital Goods
T00724,U870,620.19,2025-05-08T23:59:54.466958,Crypto,Success,,Retail
T00725,U217,670.59,2025-05-06T08:50:54.466958,Crypto,Success,,Food Delivery
T00726,U349,959.1,2025-04-22T15:24:54.466958,PayPal,Success,,Travel
T00727,U915,945.26,2025-05-12T12:43:54.466958,Crypto,Success,,Subscription
T00728,U125,911.78,2025-05-18T23:22:54.466958,PayPal,Success,,Food Delivery
T00729,U922,511.19,2025-05-05T00:47:54.466958,PayPal,Success,,Digital Goods
T00730,U428,516.33,2025-04-20T01:54:54.466958,Crypto,Failure,ERR101,Food Delivery
T00731,U107,628.8,2025-05-08T14:53:54.466958,Debit Card,Success,,Travel
T00732,U955,108.41,2025-05-11T19:30:54.466958,Bank Transfer,Success,,Retail
T00733,U864,687.61,2025-04-24T07:21:54.466958,PayPal,Success,,Retail
T00734,U189,77.88,2025-05-09T05:36:54.466958,PayPal,Success,,Food Delivery
T00735,U172,577.09,2025-05-05T23:41:54.466958,PayPal,Success,,Travel
T00736,U497,453.87,2025-05-18T10:18:54.466958,PayPal,Success,,Retail
T00737,U498,674.93,2025-05-10T10:14:54.466958,Crypto,Success,,Retail
T00738,U874,747.22,2025-04-26T11:11:54.466958,Credit Card,Success,,Subscription
T00739,U614,110.6,2025-05-09T07:45:54.466958,PayPal,Success,,Food Delivery
T00740,U188,285.11,2025-04-27T12:28:54.466958,Bank Transfer,Failure,ERR303,Retail
T00741,U585,160.54,2025-05-13T05:58:54.466958,Bank Transfer,Success,,Food Delivery
T00742,U402,960.33,2025-05-19T02:33:54.466958,PayPal,Success,,Retail
T00743,U666,875.39,2025-05-01T19:05:54.466958,Credit Card,Success,,Retail
T00744,U686,598.67,2025-05-17T12:49:54.466958,Credit Card,Success,,Subscription
T00745,U315,749.56,2025-05-13T23:54:54.466958,Debit Card,Failure,ERR202,Travel
T00746,U761,852.2,2025-05-11T12:11:54.466958,Debit Card,Success,,Digital Goods
T00747,U731,835.57,2025-05-10T15:50:54.466958,Debit Card,Success,,Food Delivery
T00748,U972,59.12,2025-05-09T07:50:54.466958,Crypto,Success,,Travel
T00749,U760,551.92,2025-05-16T11:13:54.466958,Credit Card,Success,,Subscription
T00750,U200,201.43,2025-05-01T17:14:54.466958,PayPal,Success,,Subscription
T00751,U231,672.94,2025-05-04T04:07:54.466958,PayPal,Success,,Food Delivery
T00752,U171,900.62,2025-04-30T16:13:54.466958,Bank Transfer,Success,,Subscription
T00753,U731,661.13,2025-04-23T10:44:54.466958,Debit Card,Success,,Food Delivery
T00754,U680,367.67,2025-05-02T04:44:54.466958,Bank Transfer,Success,,Digital Goods
T00755,U104,316.65,2025-05-10T00:28:54.466958,Bank Transfer,Success,,Subscription
T00756,U960,362.69,2025-04-30T14:26:54.466958,PayPal,Success,,Travel
T00757,U573,448.13,2025-05-10T15:40:54.466958,Bank Transfer,Success,,Food Delivery
T00758,U211,179.89,2025-05-15T10:30:54.466958,PayPal,Success,,Digital Goods
T00759,U651,200.45,2025-05-17T06:43:54.466958,Credit Card,Success,,Retail
T00760,U119,850.34,2025-05-06T18:02:54.466958,Crypto,Success,,Food Delivery
T00761,U999,770.35,2025-05-04T19:31:54.466958,Debit Card,Success,,Retail
T00762,U664,264.31,2025-04-20T19:25:54.466958,Bank Transfer,Failure,ERR404,Digital Goods
T00763,U474,395.54,2025-05-11T23:59:54.466958,PayPal,Failure,ERR404,Digital Goods
T00764,U575,503.62,2025-05-04T07:05:54.466958,PayPal,Success,,Food Delivery
T00765,U110,664.37,2025-04-27T18:42:54.466958,Crypto,Success,,Digital Goods
T00766,U875,516.57,2025-05-11T16:37:54.466958,Debit Card,Success,,Food Delivery
T00767,U679,661.12,2025-04-29T03:46:54.466958,Bank Transfer,Failure,ERR504,Subscription
T00768,U141,222.73,2025-05-05T15:38:54.466958,Credit Card,Success,,Subscription
T00769,U478,237.85,2025-05-01T06:16:54.466958,Crypto,Success,,Subscription
T00770,U497,472.33,2025-05-04T23:49:54.466958,Credit Card,Success,,Retail
T00771,U764,4111.21,2025-05-02T05:32:54.466958,PayPal,Success,,Subscription
T00772,U692,546.63,2025-05-16T15:14:54.466958,Bank Transfer,Success,,Subscription
T00773,U701,655.07,2025-05-02T01:50:54.466958,Crypto,Success,,Subscription
T00774,U485,972.81,2025-05-14T19:09:54.466958,Bank Transfer,Success,,Subscription
T00775,U936,868.38,2025-04-19T23:10:54.466958,Bank Transfer,Success,,Food Delivery
T00776,U106,504.33,2025-05-13T00:22:54.466958,Debit Card,Success,,Digital Goods
T00777,U178,516.97,2025-04-28T04:46:54.466958,Debit Card,Success,,Digital Goods
T00778,U261,365.41,2025-04-23T09:35:54.466958,Credit Card,Success,,Digital Goods
T00779,U524,812.12,2025-04-30T11:42:54.466958,Bank Transfer,Success,,Travel
T00780,U590,214.65,2025-05-08T00:00:54.466958,Bank Transfer,Success,,Retail
T00781,U349,47.93,2025-05-11T17:44:54.466958,Debit Card,Success,,Digital Goods
T00782,U744,515.08,2025-05-14T18:29:54.466958,Credit Card,Failure,ERR101,Digital Goods
T00783,U364,922.83,2025-04-30T10:34:54.466958,Bank Transfer,Success,,Food Delivery
T00784,U677,639.43,2025-05-11T04:06:54.466958,PayPal,Failure,ERR504,Retail
T00785,U321,451.96,2025-05-18T21:34:54.466958,Debit Card,Failure,ERR303,Digital Goods
T00786,U950,413.71,2025-05-11T20:11:54.466958,Crypto,Success,,Digital Goods
T00787,U738,661.35,2025-05-09T21:36:54.466958,PayPal,Success,,Travel
T00788,U710,592.64,2025-04-20T06:55:54.466958,Bank Transfer,Success,,Digital Goods
T00789,U211,21.48,2025-04-23T17:43:54.466958,Crypto,Success,,Travel
T00790,U946,153.81,2025-05-02T21:28:54.466958,Bank Transfer,Success,,Food Delivery
T00791,U714,43.84,2025-04-29T14:07:54.466958,Crypto,Success,,Retail
T00792,U195,484.83,2025-05-07T21:47:54.466958,Crypto,Success,,Food Delivery
T00793,U947,6.19,2025-04-30T13:50:54.466958,Bank Transfer,Failure,ERR504,Food Delivery
T00794,U530,373.53,2025-05-03T10:32:54.466958,Crypto,Success,,Travel
T00795,U334,938.73,2025-05-15T23:17:54.466958,Bank Transfer,Success,,Subscription
T00796,U703,805.6,2025-05-06T07:09:54.466958,Crypto,Failure,ERR504,Retail
T00797,U535,138.21,2025-05-11T01:00:54.466958,Debit Card,Success,,Retail
T00798,U390,600.3,2025-05-14T16:37:54.466958,PayPal,Success,,Digital Goods
T00799,U105,710.6,2025-05-13T15:59:54.466958,Crypto,Success,,Food Delivery
T00800,U220,522.16,2025-05-05T03:33:54.466958,Debit Card,Success,,Subscription
